{"cameraMode":{"drawMode":0,"name":"Shaded","section":"Shading Mode"},"sceneLighting":true,"audioPlay":false,"sceneViewState":{"m_AlwaysRefresh":false,"showFog":true,"showSkybox":true,"showFlares":true,"showImageEffects":true,"showParticleSystems":true,"showVisualEffectGraphs":true,"m_FxEnabled":false},"in2DMode":false,"pivot":{"x":0.34897127747535708,"y":1.4629838466644288,"z":-23.65776252746582},"rotation":{"x":-0.16917377710342408,"y":0.5254577994346619,"z":-0.10750581324100495,"w":-0.8268730044364929},"size":9.814532279968262,"orthographic":false}